https://pirosmani.info/portfolio/sharpmattercollection/,https://myshop-clu985.myinsales.ru/blogs/sharp-matter/sharp-matter-4887
https://pirosmani.info/portfolio/sharpmatter_video/,https://myshop-clu985.myinsales.ru/blogs/sharp-matter/sharp-matter-2513
https://pirosmani.info/portfolio/catwalk/,https://myshop-clu985.myinsales.ru/blogs/hidden-reality-spring-summer-2019/hidden_reality-1450
https://pirosmani.info/portfolio/backstage/,https://myshop-clu985.myinsales.ru/blogs/hidden-reality-spring-summer-2019/641
https://pirosmani.info/portfolio/karmic_icon_aw_catwalk/,https://myshop-clu985.myinsales.ru/blogs/karmic-icon-aw-2017-18/karmik-icon-aw-2017-18-6959
https://pirosmani.info/portfolio/karmic_icon_aw_backstage/,https://myshop-clu985.myinsales.ru/blogs/karmic-icon-aw-2017-18/karmik-icon-aw-2017-18-6918
https://pirosmani.info/portfolio/karmic_icon_aw_video/,https://myshop-clu985.myinsales.ru/blogs/karmic-icon-aw-2017-18/karmik-icon-aw-2017-18-2993
https://pirosmani.info/portfolio/teardrop-fw-catwalk/,https://myshop-clu985.myinsales.ru/blogs/teardrop-fw-2016-17/teardrop-fw-2016-17-973
https://pirosmani.info/portfolio/teardrop_fw_lookbook/,https://myshop-clu985.myinsales.ru/blogs/teardrop-fw-2016-17/teardrop-fw-2016-17-1872
https://pirosmani.info/portfolio/deep_eyes_catwalk/,https://myshop-clu985.myinsales.ru/blogs/deep-eyes-spring-summer-2016/deep-eyes-spring-summer-2016-8567
https://pirosmani.info/portfolio/deep_eyes_lookbook/,https://myshop-clu985.myinsales.ru/blogs/deep-eyes-spring-summer-2016/deep-eyes-spring-summer-2016-450
https://pirosmani.info/portfolio/broken_shadows_catwalk/,https://myshop-clu985.myinsales.ru/blogs/broken-shadows-autumnwinter-2015-16/broken-shadows-autumnwinter-2015-16-4682
https://pirosmani.info/portfolio/eclipse_lookbook/,https://myshop-clu985.myinsales.ru/blogs/eclipse-springsummer-2015/eclipse-springsummer-2015-6143
https://pirosmani.info/portfolio/eclipse_catwalk/,https://myshop-clu985.myinsales.ru/blogs/eclipse-springsummer-2015/eclipse-springsummer-2015-6121
https://pirosmani.info/portfolio/stendhal_syndrome_catwalk/,https://myshop-clu985.myinsales.ru/blogs/stendhal-syndrome-autumnwinter-2014-15/stendhal-syndrome-autumnwinter-2014-15-8445
https://pirosmani.info/portfolio/stendhal_syndrome_backstage/,https://myshop-clu985.myinsales.ru/blogs/stendhal-syndrome-autumnwinter-2014-15/stendhal-syndrome-autumnwinter-2014-15-9509
https://pirosmani.info/portfolio/stendhal_syndrome_video/,https://myshop-clu985.myinsales.ru/blogs/stendhal-syndrome-autumnwinter-2014-15/stendhal-syndrome-autumnwinter-2014-15-5779
https://pirosmani.info/portfolio/pareidolia_catwalk/,https://myshop-clu985.myinsales.ru/blogs/pareidolia-springsummer-2014/pareidolia-springsummer-2014-7815
https://pirosmani.info/portfolio/pareidolia_campaign/,https://myshop-clu985.myinsales.ru/blogs/pareidolia-springsummer-2014/pareidolia-springsummer-2014-9973
https://pirosmani.info/portfolio/index/view/id/66/,https://myshop-clu985.myinsales.ru/blogs/pareidolia-springsummer-2014/pareidolia-springsummer-2014-4012
https://pirosmani.info/portfolio/the_fall_of_the_rebel_angels_catwalk/,https://myshop-clu985.myinsales.ru/blogs/the-fall-of-the-rebel-angels-autumnwinter-2013-14/the-fall-of-the-rebel-angels-autumnwinter-2013-14-2733
https://pirosmani.info/portfolio/the_fall_of_the_rebel_angels_video/,https://myshop-clu985.myinsales.ru/blogs/the-fall-of-the-rebel-angels-autumnwinter-2013-14/the-fall-of-the-rebel-angels-autumnwinter-2013-14-5771
https://pirosmani.info/portfolio/the_fall_of_the_rebel_angels_backstage/,https://myshop-clu985.myinsales.ru/blogs/the-fall-of-the-rebel-angels-autumnwinter-2013-14/the-fall-of-the-rebel-angels-autumnwinter-2013-14-8098
https://pirosmani.info/portfolio/hieronymus_bosch_campaign/,https://myshop-clu985.myinsales.ru/blogs/hieronymus-bosch-springsummer-2013/hieronymus-bosch-springsummer-2013-5529
https://pirosmani.info/portfolio/hieronymus_bosch_backstage/,https://myshop-clu985.myinsales.ru/blogs/hieronymus-bosch-springsummer-2013/hieronymus-bosch-springsummer-2013-9322
https://pirosmani.info/portfolio/hieronymus_bosch_catwalk/,https://myshop-clu985.myinsales.ru/blogs/hieronymus-bosch-springsummer-2013/hieronymus-bosch-springsummer-2013-4123
https://pirosmani.info/portfolio/magnus_campaign/,https://myshop-clu985.myinsales.ru/blogs/magus-autumnwinter-2012-13/magus-autumnwinter-2012-13-4568
https://pirosmani.info/portfolio/magnus_catwalk/,https://myshop-clu985.myinsales.ru/blogs/magus-autumnwinter-2012-13/magus-autumnwinter-2012-13-4786
https://pirosmani.info/portfolio/magnus_backstage/,https://myshop-clu985.myinsales.ru/blogs/magus-autumnwinter-2012-13/magus-autumnwinter-2012-13-4647
https://pirosmani.info/portfolio/antipodium-backstage/,https://myshop-clu985.myinsales.ru/blogs/antipodium-mirror-mask-aw-2010-11/antipodium-mirror-mask-aw-2010-11-9364
https://pirosmani.info/portfolio/antipodium-catwalk/,https://myshop-clu985.myinsales.ru/blogs/antipodium-mirror-mask-aw-2010-11/antipodium-mirror-mask-aw-2010-11-4562
https://pirosmani.info/portfolio/antipodium-campaign/,https://myshop-clu985.myinsales.ru/blogs/antipodium-mirror-mask-aw-2010-11/antipodium-mirror-mask-aw-2010-11-8185
