"Автосвет, электрика и звук",https://granves-shop.ru/shop/osveschenie-i-yelektrika,Аккумуляторы,https://granves-shop.ru/shop/osveschenie-i-yelektrika/akkumuljatory,Акустические полки,https://granves-shop.ru/shop/osveschenie-i-yelektrika/akusticheskie-polki,Антенны и переходники,https://granves-shop.ru/shop/osveschenie-i-yelektrika/antenny-i-perehodniki,"Динамики и пищалки, проставки",https://granves-shop.ru/shop/osveschenie-i-yelektrika/dinamiki-i-pischalki-prostavki,"Кнопки, блоки, предохранители",https://granves-shop.ru/shop/osveschenie-i-yelektrika/knopki-bloki-predohraniteli,Комплекты монтажные ПТФ,https://granves-shop.ru/shop/osveschenie-i-yelektrika/komplekty-montazhnye-ptf,Концевики и разъемы,https://granves-shop.ru/shop/osveschenie-i-yelektrika/konceviki-i-razemy,Лампы и светодиоды,https://granves-shop.ru/shop/osveschenie-i-yelektrika/lampy-i-svetodiody,Магнитолы и переходные рамки,https://granves-shop.ru/shop/osveschenie-i-yelektrika/magnitoly-i-perehodnye-ramki,Патроны и разъемы для ламп,https://granves-shop.ru/shop/osveschenie-i-yelektrika/patrony-i-razemy-dlja-lamp,Плафоны освещения,https://granves-shop.ru/shop/osveschenie-i-yelektrika/plafony-osveschenija,Повторители поворотников,https://granves-shop.ru/shop/osveschenie-i-yelektrika/povtoriteli-povorotnikov,Подрулевые переключатели,https://granves-shop.ru/shop/osveschenie-i-yelektrika/podrulevye-pereklyuchateli,Противотуманные фары,https://granves-shop.ru/shop/osveschenie-i-yelektrika/protivotumannye-fary,Фары и задние фонари,https://granves-shop.ru/shop/osveschenie-i-yelektrika/fary-i-zadnie-fonari,Штатные блоки электроники,https://granves-shop.ru/shop/osveschenie-i-yelektrika/shtatnye-bloki-yelektroniki,"Автосигнализации, противоугонная система",https://granves-shop.ru/shop/avtosignalizacii,Автохимия,https://granves-shop.ru/shop/avtohimija,"Антидождь, антизапотеватель",https://granves-shop.ru/shop/avtohimija/antidozhd-antizapotevatel,Краска и кисточки для подкраски,https://granves-shop.ru/shop/avtohimija/kraska-i-kistochki-dlja-podkraski,Промывки и присадки,https://granves-shop.ru/shop/avtohimija/promyvki-i-prisadki,Салфетки влажные и антисептики,https://granves-shop.ru/shop/avtohimija/salfetki-vlazhnye-i-antiseptiki,"Скотч, герметик, праймер",https://granves-shop.ru/shop/avtohimija/skotch-germetik-praimer,Смазки,https://granves-shop.ru/shop/avtohimija/smazki,Уход за кузовом,https://granves-shop.ru/shop/avtohimija/uhod-za-kuzovom,Уход за салоном,https://granves-shop.ru/shop/avtohimija/uhod-za-salonom,Уход за шинами и хромом,https://granves-shop.ru/shop/avtohimija/uhod-za-shinami-i-hromom,Аксессуары,https://granves-shop.ru/shop/v-pomosch-avtomobilistu,USB и зарядные устройства,https://granves-shop.ru/shop/v-pomosch-avtomobilistu/usb-i-zarjadnye-ustroistva,Автолитература,https://granves-shop.ru/shop/v-pomosch-avtomobilistu/avtoliteratura,Автоодеяла и чехлы на АКБ,https://granves-shop.ru/shop/v-pomosch-avtomobilistu/avtoodejala-i-chehly-na-akb,Ароматизатор,https://granves-shop.ru/shop/v-pomosch-avtomobilistu/aromatizator,Батарейки,https://granves-shop.ru/shop/v-pomosch-avtomobilistu/batareiki,Ворсовые вкладыши и коврики в ниши,https://granves-shop.ru/shop/v-pomosch-avtomobilistu/vorsovye-vkladyshi-i-kovriki-v-nishi,"Выкидной ключ, корпус ключа",https://granves-shop.ru/shop/v-pomosch-avtomobilistu/vykidnoi-klyuch-korpus-klyucha,Держатели и кронштейны для телефона,https://granves-shop.ru/shop/v-pomosch-avtomobilistu/derzhateli-i-kronshteiny-dlja-telefona,Дефлекторы капота (мухобойки),https://granves-shop.ru/shop/v-pomosch-avtomobilistu/deflektory-kapota-muhoboiki,Дефлекторы окон (ветровики),https://granves-shop.ru/shop/v-pomosch-avtomobilistu/deflektory-okon-vetroviki,Защитные накидки для перевозки грузов,https://granves-shop.ru/shop/v-pomosch-avtomobilistu/zaschitnye-nakidki-dlja-perevozki-gruzov,Зимние заглушки радиатора,https://granves-shop.ru/shop/v-pomosch-avtomobilistu/zimnie-zaglushki-radiatora,Канистры и воронки,https://granves-shop.ru/shop/v-pomosch-avtomobilistu/kanistry-i-voronki,Клубная атрибутика,https://granves-shop.ru/shop/v-pomosch-avtomobilistu/klubnaja-atributika,Коврики в багажник,https://granves-shop.ru/shop/v-pomosch-avtomobilistu/kovriki-v-bagazhnik,Коврики в салон,https://granves-shop.ru/shop/v-pomosch-avtomobilistu/kovriki-v-salon,Наборы автомобилиста и аптечки,https://granves-shop.ru/shop/v-pomosch-avtomobilistu/nabory-avtomobilista-i-aptechki,Обшивки капота (утеплители и шумоизоляции),https://granves-shop.ru/shop/v-pomosch-avtomobilistu/obshivki-kapota-utepliteli-i-shumoizoljacii,"Оплетки руля, ручника и КПП",https://granves-shop.ru/shop/v-pomosch-avtomobilistu/opletki-rulja-ruchnika-i-kpp,Органайзеры пространства в багажнике,https://granves-shop.ru/shop/v-pomosch-avtomobilistu/organaizery-prostranstva-v-bagazhnike,Пепельницы и органайзеры пространства в салоне,https://granves-shop.ru/shop/v-pomosch-avtomobilistu/pepelnicy-i-organaizery-prostranstva-v-salone,Подушки и подлокотники на двери,https://granves-shop.ru/shop/v-pomosch-avtomobilistu/podushki-i-podlokotniki-na-dveri,Багажные системы,https://granves-shop.ru/shop/bagazhnye-sistemy,Багажник на водосток,https://granves-shop.ru/shop/bagazhnye-sistemy/bagazhnik-na-vodostok,Багажник на рейлинги,https://granves-shop.ru/shop/bagazhnye-sistemy/bagazhnik-na-reilingi,Бокс на крышу,https://granves-shop.ru/shop/bagazhnye-sistemy/boks-na-kryshu,ArmAuto,https://granves-shop.ru/shop/bagazhnye-sistemy/boks-na-kryshu/armauto,MaxBox,https://granves-shop.ru/shop/bagazhnye-sistemy/boks-na-kryshu/maxbox,PT GROUP,https://granves-shop.ru/shop/bagazhnye-sistemy/boks-na-kryshu/pt-group,YUAGO,https://granves-shop.ru/shop/bagazhnye-sistemy/boks-na-kryshu/yuago,Евродеталь (ED),https://granves-shop.ru/shop/bagazhnye-sistemy/boks-na-kryshu/evrodetal-ed,ТюнАвто,https://granves-shop.ru/shop/bagazhnye-sistemy/boks-na-kryshu/tyunavto,Велобагажники и лыжные,https://granves-shop.ru/shop/bagazhnye-sistemy/velobagazhniki-i-lyzhnye,Комплектующие и аксессуары,https://granves-shop.ru/shop/bagazhnye-sistemy/komplektuyuschie-i-aksessuary,Корзина на крышу,https://granves-shop.ru/shop/bagazhnye-sistemy/korzina-na-kryshu,Рейлинги на крышу,https://granves-shop.ru/shop/bagazhnye-sistemy/reilingi-na-kryshu,Дополнительное оборудование,https://granves-shop.ru/shop/dopolnitelnoe-oborudovanie,Блоки согласования и электрика для ТСУ,https://granves-shop.ru/shop/dopolnitelnoe-oborudovanie/bloki-soglasovanija-i-yelektrika-dlja-tsu,Брызговики задние,https://granves-shop.ru/shop/dopolnitelnoe-oborudovanie/bryzgoviki-zadnie,Брызговики передние,https://granves-shop.ru/shop/dopolnitelnoe-oborudovanie/bryzgoviki-perednie,Водостоки,https://granves-shop.ru/shop/dopolnitelnoe-oborudovanie/vodostoki,"Датчики дождя и света, t°",https://granves-shop.ru/shop/dopolnitelnoe-oborudovanie/datchiki-dozhdja-i-sveta-t,Жабо капота и багажника,https://granves-shop.ru/shop/dopolnitelnoe-oborudovanie/zhabo-kapota-i-bagazhnika,Защиты бамперов и порогов,https://granves-shop.ru/shop/dopolnitelnoe-oborudovanie/zaschity-bamperov-i-porogov,Защиты картера и топливных трубок,https://granves-shop.ru/shop/dopolnitelnoe-oborudovanie/zaschity-kartera-i-toplivnyh-trubok,Звуковые сигналы,https://granves-shop.ru/shop/dopolnitelnoe-oborudovanie/zvukovye-signaly,Локеры и подкрылки,https://granves-shop.ru/shop/dopolnitelnoe-oborudovanie/lokery-i-podkrylki,Молдинги дверей,https://granves-shop.ru/shop/dopolnitelnoe-oborudovanie/moldingi-dverei,Накладки заднего бампера,https://granves-shop.ru/shop/dopolnitelnoe-oborudovanie/nakladki-zadnego-bampera,Накладки на пороги,https://granves-shop.ru/shop/dopolnitelnoe-oborudovanie/nakladki-na-porogi,Парктроники и камеры заднего вида,https://granves-shop.ru/shop/dopolnitelnoe-oborudovanie/parktroniki-i-kamery-zadnego-vida,Подогрев сидений и предпусковые подогреватели,https://granves-shop.ru/shop/dopolnitelnoe-oborudovanie/podogrev-sidenii-i-predpuskovye-podogrevateli,Сетки защитные на решетку радиатора,https://granves-shop.ru/shop/dopolnitelnoe-oborudovanie/setki-zaschitnye-na-reshetku-radiatora,Упоры капота и багажника,https://granves-shop.ru/shop/dopolnitelnoe-oborudovanie/upory-kapota-i-bagazhnika,Фаркопы (ТСУ),https://granves-shop.ru/shop/dopolnitelnoe-oborudovanie/farkopy-tsu,Шторки окон,https://granves-shop.ru/shop/dopolnitelnoe-oborudovanie/shtorki-okon,Запчасти и тюнинг двигателя,https://granves-shop.ru/shop/dvigatel,Водяной насос (помпа),https://granves-shop.ru/shop/dvigatel/vodjanoi-nasos-pompa,"Генератор, стартер",https://granves-shop.ru/shop/dvigatel/generator-starter,Датчики,https://granves-shop.ru/shop/rulevoe-upravlenie/datchiki,Комплект ГРМ,https://granves-shop.ru/shop/dvigatel/komplekt-grm,Комплект ГРМ + помпа,https://granves-shop.ru/shop/dvigatel/komplekt-grm-pompa,Комплект ремня генератора,https://granves-shop.ru/shop/dvigatel/komplekt-remnja-generatora,Опора двигателя и КПП,https://granves-shop.ru/shop/dvigatel/opora-dvigatelja-i-kpp,"Поршень, пальцы, ШПГ",https://granves-shop.ru/shop/dvigatel/porshen-palcy-shpg,Ремни и ролики,https://granves-shop.ru/shop/dvigatel/remni-i-roliki,Сальники и прокладки,https://granves-shop.ru/shop/dvigatel/salniki,"Свечи, катушки",https://granves-shop.ru/shop/dvigatel/svechi-katushki,Экраны двигателя,https://granves-shop.ru/shop/dvigatel/yekrany-dvigatelja,Электрика,https://granves-shop.ru/shop/dvigatel/yelektrika,Инструменты,https://granves-shop.ru/shop/instrumenty,Домкраты и компрессоры,https://granves-shop.ru/shop/instrumenty/domkraty-i-kompressory,Наборы ключей и инструментов,https://granves-shop.ru/shop/instrumenty/nabory-klyuchei-i-instrumentov,Провода прикуривания,https://granves-shop.ru/shop/instrumenty/provoda-prikurivanija,Сопутствующее (перчатки и т.д.),https://granves-shop.ru/shop/instrumenty/soputstvuyuschee-perchatki-i-t-d,Съемники и специальные инструменты,https://granves-shop.ru/shop/instrumenty/semniki-i-specialnye-instrumenty,"Тросы буксировочные, стяжные",https://granves-shop.ru/shop/instrumenty/trosy-buksirovochnye-stjazhnye,Колёса,https://granves-shop.ru/shop/koleso,Кузов,https://granves-shop.ru/shop/kuzov,"Модельки, игрушки",https://granves-shop.ru/shop/modelki-igrushki,Расходные материалы,https://granves-shop.ru/shop/rashodnye-materialy,Рулевое управление и трансмиссия,https://granves-shop.ru/shop/rulevoe-upravlenie,Привод в сборе,https://granves-shop.ru/shop/rulevoe-upravlenie/privod-v-sbore,"Пыльники, смазки, хомуты",https://granves-shop.ru/shop/rulevoe-upravlenie/pylniki-smazki-homuty,Рулевая рейка и колонка,https://granves-shop.ru/shop/rulevoe-upravlenie/rulevaja-reika-i-kolonka,Рулевые тяги и наконечники,https://granves-shop.ru/shop/rulevoe-upravlenie/rulevye-tjagi-i-nakonechniki,"Шестерни, подшипники",https://granves-shop.ru/shop/rulevoe-upravlenie/shesterni-podshipniki,Шрусы и трипоиды,https://granves-shop.ru/shop/rulevoe-upravlenie/shrusy-i-tripoidy,Салон,https://granves-shop.ru/shop/salon,Система выхлопа,https://granves-shop.ru/shop/sistema-vyhlopa,Система омывания стёкол,https://granves-shop.ru/shop/sistema-omyvanija-styokol,Система охлаждения,https://granves-shop.ru/shop/sistema-ohlazhdenija,Сцепление,https://granves-shop.ru/shop/sceplenie,Топливная система,https://granves-shop.ru/shop/toplivnaja-sistema,Тормозная система,https://granves-shop.ru/shop/tormoznaja-sistema,Тюнинг внешний,https://granves-shop.ru/shop/tyuning,Услуги,https://granves-shop.ru/shop/uslugi
"Автосвет, электрика и звук",https://granves-shop.ru/shop/osveschenie-i-yelektrika
Аккумуляторы,https://granves-shop.ru/shop/osveschenie-i-yelektrika/akkumuljatory
Акустические полки,https://granves-shop.ru/shop/osveschenie-i-yelektrika/akusticheskie-polki
Антенны и переходники,https://granves-shop.ru/shop/osveschenie-i-yelektrika/antenny-i-perehodniki
"Динамики и пищалки, проставки",https://granves-shop.ru/shop/osveschenie-i-yelektrika/dinamiki-i-pischalki-prostavki
"Кнопки, блоки, предохранители",https://granves-shop.ru/shop/osveschenie-i-yelektrika/knopki-bloki-predohraniteli
Комплекты монтажные ПТФ,https://granves-shop.ru/shop/osveschenie-i-yelektrika/komplekty-montazhnye-ptf
Концевики и разъемы,https://granves-shop.ru/shop/osveschenie-i-yelektrika/konceviki-i-razemy
Лампы и светодиоды,https://granves-shop.ru/shop/osveschenie-i-yelektrika/lampy-i-svetodiody
Магнитолы и переходные рамки,https://granves-shop.ru/shop/osveschenie-i-yelektrika/magnitoly-i-perehodnye-ramki
Патроны и разъемы для ламп,https://granves-shop.ru/shop/osveschenie-i-yelektrika/patrony-i-razemy-dlja-lamp
Плафоны освещения,https://granves-shop.ru/shop/osveschenie-i-yelektrika/plafony-osveschenija
Повторители поворотников,https://granves-shop.ru/shop/osveschenie-i-yelektrika/povtoriteli-povorotnikov
Подрулевые переключатели,https://granves-shop.ru/shop/osveschenie-i-yelektrika/podrulevye-pereklyuchateli
Противотуманные фары,https://granves-shop.ru/shop/osveschenie-i-yelektrika/protivotumannye-fary
Фары и задние фонари,https://granves-shop.ru/shop/osveschenie-i-yelektrika/fary-i-zadnie-fonari
Штатные блоки электроники,https://granves-shop.ru/shop/osveschenie-i-yelektrika/shtatnye-bloki-yelektroniki
"Автосигнализации, противоугонная система",https://granves-shop.ru/shop/avtosignalizacii
Автохимия,https://granves-shop.ru/shop/avtohimija
"Антидождь, антизапотеватель",https://granves-shop.ru/shop/avtohimija/antidozhd-antizapotevatel
Краска и кисточки для подкраски,https://granves-shop.ru/shop/avtohimija/kraska-i-kistochki-dlja-podkraski
Промывки и присадки,https://granves-shop.ru/shop/avtohimija/promyvki-i-prisadki
Салфетки влажные и антисептики,https://granves-shop.ru/shop/avtohimija/salfetki-vlazhnye-i-antiseptiki
"Скотч, герметик, праймер",https://granves-shop.ru/shop/avtohimija/skotch-germetik-praimer
Смазки,https://granves-shop.ru/shop/avtohimija/smazki
Уход за кузовом,https://granves-shop.ru/shop/avtohimija/uhod-za-kuzovom
Уход за салоном,https://granves-shop.ru/shop/avtohimija/uhod-za-salonom
Уход за шинами и хромом,https://granves-shop.ru/shop/avtohimija/uhod-za-shinami-i-hromom
Аксессуары,https://granves-shop.ru/shop/v-pomosch-avtomobilistu
USB и зарядные устройства,https://granves-shop.ru/shop/v-pomosch-avtomobilistu/usb-i-zarjadnye-ustroistva
Автолитература,https://granves-shop.ru/shop/v-pomosch-avtomobilistu/avtoliteratura
Автоодеяла и чехлы на АКБ,https://granves-shop.ru/shop/v-pomosch-avtomobilistu/avtoodejala-i-chehly-na-akb
Ароматизатор,https://granves-shop.ru/shop/v-pomosch-avtomobilistu/aromatizator
Батарейки,https://granves-shop.ru/shop/v-pomosch-avtomobilistu/batareiki
Ворсовые вкладыши и коврики в ниши,https://granves-shop.ru/shop/v-pomosch-avtomobilistu/vorsovye-vkladyshi-i-kovriki-v-nishi
"Выкидной ключ, корпус ключа",https://granves-shop.ru/shop/v-pomosch-avtomobilistu/vykidnoi-klyuch-korpus-klyucha
Держатели и кронштейны для телефона,https://granves-shop.ru/shop/v-pomosch-avtomobilistu/derzhateli-i-kronshteiny-dlja-telefona
Дефлекторы капота (мухобойки),https://granves-shop.ru/shop/v-pomosch-avtomobilistu/deflektory-kapota-muhoboiki
Дефлекторы окон (ветровики),https://granves-shop.ru/shop/v-pomosch-avtomobilistu/deflektory-okon-vetroviki
Защитные накидки для перевозки грузов,https://granves-shop.ru/shop/v-pomosch-avtomobilistu/zaschitnye-nakidki-dlja-perevozki-gruzov
Зимние заглушки радиатора,https://granves-shop.ru/shop/v-pomosch-avtomobilistu/zimnie-zaglushki-radiatora
Канистры и воронки,https://granves-shop.ru/shop/v-pomosch-avtomobilistu/kanistry-i-voronki
Клубная атрибутика,https://granves-shop.ru/shop/v-pomosch-avtomobilistu/klubnaja-atributika
Коврики в багажник,https://granves-shop.ru/shop/v-pomosch-avtomobilistu/kovriki-v-bagazhnik
Коврики в салон,https://granves-shop.ru/shop/v-pomosch-avtomobilistu/kovriki-v-salon
Наборы автомобилиста и аптечки,https://granves-shop.ru/shop/v-pomosch-avtomobilistu/nabory-avtomobilista-i-aptechki
Обшивки капота (утеплители и шумоизоляции),https://granves-shop.ru/shop/v-pomosch-avtomobilistu/obshivki-kapota-utepliteli-i-shumoizoljacii
"Оплетки руля, ручника и КПП",https://granves-shop.ru/shop/v-pomosch-avtomobilistu/opletki-rulja-ruchnika-i-kpp
Органайзеры пространства в багажнике,https://granves-shop.ru/shop/v-pomosch-avtomobilistu/organaizery-prostranstva-v-bagazhnike
Пепельницы и органайзеры пространства в салоне,https://granves-shop.ru/shop/v-pomosch-avtomobilistu/pepelnicy-i-organaizery-prostranstva-v-salone
Подушки и подлокотники на двери,https://granves-shop.ru/shop/v-pomosch-avtomobilistu/podushki-i-podlokotniki-na-dveri
Багажные системы,https://granves-shop.ru/shop/bagazhnye-sistemy
Багажник на водосток,https://granves-shop.ru/shop/bagazhnye-sistemy/bagazhnik-na-vodostok
Багажник на рейлинги,https://granves-shop.ru/shop/bagazhnye-sistemy/bagazhnik-na-reilingi
Бокс на крышу,https://granves-shop.ru/shop/bagazhnye-sistemy/boks-na-kryshu
ArmAuto,https://granves-shop.ru/shop/bagazhnye-sistemy/boks-na-kryshu/armauto
MaxBox,https://granves-shop.ru/shop/bagazhnye-sistemy/boks-na-kryshu/maxbox
PT GROUP,https://granves-shop.ru/shop/bagazhnye-sistemy/boks-na-kryshu/pt-group
YUAGO,https://granves-shop.ru/shop/bagazhnye-sistemy/boks-na-kryshu/yuago
Евродеталь (ED),https://granves-shop.ru/shop/bagazhnye-sistemy/boks-na-kryshu/evrodetal-ed
ТюнАвто,https://granves-shop.ru/shop/bagazhnye-sistemy/boks-na-kryshu/tyunavto
Велобагажники и лыжные,https://granves-shop.ru/shop/bagazhnye-sistemy/velobagazhniki-i-lyzhnye
Комплектующие и аксессуары,https://granves-shop.ru/shop/bagazhnye-sistemy/komplektuyuschie-i-aksessuary
Корзина на крышу,https://granves-shop.ru/shop/bagazhnye-sistemy/korzina-na-kryshu
Рейлинги на крышу,https://granves-shop.ru/shop/bagazhnye-sistemy/reilingi-na-kryshu
Дополнительное оборудование,https://granves-shop.ru/shop/dopolnitelnoe-oborudovanie
Блоки согласования и электрика для ТСУ,https://granves-shop.ru/shop/dopolnitelnoe-oborudovanie/bloki-soglasovanija-i-yelektrika-dlja-tsu
Брызговики задние,https://granves-shop.ru/shop/dopolnitelnoe-oborudovanie/bryzgoviki-zadnie
Брызговики передние,https://granves-shop.ru/shop/dopolnitelnoe-oborudovanie/bryzgoviki-perednie
Водостоки,https://granves-shop.ru/shop/dopolnitelnoe-oborudovanie/vodostoki
"Датчики дождя и света, t°",https://granves-shop.ru/shop/dopolnitelnoe-oborudovanie/datchiki-dozhdja-i-sveta-t
Жабо капота и багажника,https://granves-shop.ru/shop/dopolnitelnoe-oborudovanie/zhabo-kapota-i-bagazhnika
Защиты бамперов и порогов,https://granves-shop.ru/shop/dopolnitelnoe-oborudovanie/zaschity-bamperov-i-porogov
Защиты картера и топливных трубок,https://granves-shop.ru/shop/dopolnitelnoe-oborudovanie/zaschity-kartera-i-toplivnyh-trubok
Звуковые сигналы,https://granves-shop.ru/shop/dopolnitelnoe-oborudovanie/zvukovye-signaly
Локеры и подкрылки,https://granves-shop.ru/shop/dopolnitelnoe-oborudovanie/lokery-i-podkrylki
Молдинги дверей,https://granves-shop.ru/shop/dopolnitelnoe-oborudovanie/moldingi-dverei
Накладки заднего бампера,https://granves-shop.ru/shop/dopolnitelnoe-oborudovanie/nakladki-zadnego-bampera
Накладки на пороги,https://granves-shop.ru/shop/dopolnitelnoe-oborudovanie/nakladki-na-porogi
Парктроники и камеры заднего вида,https://granves-shop.ru/shop/dopolnitelnoe-oborudovanie/parktroniki-i-kamery-zadnego-vida
Подогрев сидений и предпусковые подогреватели,https://granves-shop.ru/shop/dopolnitelnoe-oborudovanie/podogrev-sidenii-i-predpuskovye-podogrevateli
Сетки защитные на решетку радиатора,https://granves-shop.ru/shop/dopolnitelnoe-oborudovanie/setki-zaschitnye-na-reshetku-radiatora
Упоры капота и багажника,https://granves-shop.ru/shop/dopolnitelnoe-oborudovanie/upory-kapota-i-bagazhnika
Фаркопы (ТСУ),https://granves-shop.ru/shop/dopolnitelnoe-oborudovanie/farkopy-tsu
Шторки окон,https://granves-shop.ru/shop/dopolnitelnoe-oborudovanie/shtorki-okon
Запчасти и тюнинг двигателя,https://granves-shop.ru/shop/dvigatel
Водяной насос (помпа),https://granves-shop.ru/shop/dvigatel/vodjanoi-nasos-pompa
"Генератор, стартер",https://granves-shop.ru/shop/dvigatel/generator-starter
Датчики,https://granves-shop.ru/shop/rulevoe-upravlenie/datchiki
Комплект ГРМ,https://granves-shop.ru/shop/dvigatel/komplekt-grm
Комплект ГРМ + помпа,https://granves-shop.ru/shop/dvigatel/komplekt-grm-pompa
Комплект ремня генератора,https://granves-shop.ru/shop/dvigatel/komplekt-remnja-generatora
Опора двигателя и КПП,https://granves-shop.ru/shop/dvigatel/opora-dvigatelja-i-kpp
"Поршень, пальцы, ШПГ",https://granves-shop.ru/shop/dvigatel/porshen-palcy-shpg
Ремни и ролики,https://granves-shop.ru/shop/dvigatel/remni-i-roliki
Сальники и прокладки,https://granves-shop.ru/shop/dvigatel/salniki
"Свечи, катушки",https://granves-shop.ru/shop/dvigatel/svechi-katushki
Экраны двигателя,https://granves-shop.ru/shop/dvigatel/yekrany-dvigatelja
Электрика,https://granves-shop.ru/shop/dvigatel/yelektrika
Инструменты,https://granves-shop.ru/shop/instrumenty
Домкраты и компрессоры,https://granves-shop.ru/shop/instrumenty/domkraty-i-kompressory
Наборы ключей и инструментов,https://granves-shop.ru/shop/instrumenty/nabory-klyuchei-i-instrumentov
Провода прикуривания,https://granves-shop.ru/shop/instrumenty/provoda-prikurivanija
Сопутствующее (перчатки и т.д.),https://granves-shop.ru/shop/instrumenty/soputstvuyuschee-perchatki-i-t-d
Съемники и специальные инструменты,https://granves-shop.ru/shop/instrumenty/semniki-i-specialnye-instrumenty
"Тросы буксировочные, стяжные",https://granves-shop.ru/shop/instrumenty/trosy-buksirovochnye-stjazhnye
Колёса,https://granves-shop.ru/shop/koleso
Кузов,https://granves-shop.ru/shop/kuzov
"Модельки, игрушки",https://granves-shop.ru/shop/modelki-igrushki
Расходные материалы,https://granves-shop.ru/shop/rashodnye-materialy
Рулевое управление и трансмиссия,https://granves-shop.ru/shop/rulevoe-upravlenie
Привод в сборе,https://granves-shop.ru/shop/rulevoe-upravlenie/privod-v-sbore
"Пыльники, смазки, хомуты",https://granves-shop.ru/shop/rulevoe-upravlenie/pylniki-smazki-homuty
Рулевая рейка и колонка,https://granves-shop.ru/shop/rulevoe-upravlenie/rulevaja-reika-i-kolonka
Рулевые тяги и наконечники,https://granves-shop.ru/shop/rulevoe-upravlenie/rulevye-tjagi-i-nakonechniki
"Шестерни, подшипники",https://granves-shop.ru/shop/rulevoe-upravlenie/shesterni-podshipniki
Шрусы и трипоиды,https://granves-shop.ru/shop/rulevoe-upravlenie/shrusy-i-tripoidy
Салон,https://granves-shop.ru/shop/salon
Система выхлопа,https://granves-shop.ru/shop/sistema-vyhlopa
Система омывания стёкол,https://granves-shop.ru/shop/sistema-omyvanija-styokol
Система охлаждения,https://granves-shop.ru/shop/sistema-ohlazhdenija
Сцепление,https://granves-shop.ru/shop/sceplenie
Топливная система,https://granves-shop.ru/shop/toplivnaja-sistema
Тормозная система,https://granves-shop.ru/shop/tormoznaja-sistema
Тюнинг внешний,https://granves-shop.ru/shop/tyuning
Услуги,https://granves-shop.ru/shop/uslugi
