Главная,https://granves-shop.ru/shop/shumoizoljacija,"Главная → Автосвет, электрика и звук",https://granves-shop.ru/shop/osveschenie-i-yelektrika/shtatnye-bloki-yelektroniki,Главная → Автохимия,https://granves-shop.ru/shop/avtohimija/uhod-za-shinami-i-hromom,Главная → Аксессуары,https://granves-shop.ru/shop/v-pomosch-avtomobilistu/shildiki-i-nakleiki,Главная → Багажные системы,https://granves-shop.ru/shop/bagazhnye-sistemy/reilingi-na-kryshu,Главная → Багажные системы → Бокс на крышу,https://granves-shop.ru/shop/bagazhnye-sistemy/boks-na-kryshu/tyunavto,Главная → Дополнительное оборудование,https://granves-shop.ru/shop/dopolnitelnoe-oborudovanie/shtorki-okon,Главная → Запчасти и тюнинг двигателя,https://granves-shop.ru/shop/dvigatel/yelektrika,Главная → Инструменты,https://granves-shop.ru/shop/instrumenty/trosy-buksirovochnye-stjazhnye,Главная → Колёса,https://granves-shop.ru/shop/koleso/shtampovannyi-disk,Главная → Кузов,https://granves-shop.ru/shop/kuzov/shtatnye-uplotniteli,Главная → Расходные материалы,https://granves-shop.ru/shop/rashodnye-materialy/filtry-salonnye,Главная → Рулевое управление и трансмиссия,https://granves-shop.ru/shop/rulevoe-upravlenie/shrusy-i-tripoidy,Главная → Салон,https://granves-shop.ru/shop/salon/shtatnye-yelementy-i-oblicovki,Главная → Система омывания стёкол,https://granves-shop.ru/shop/sistema-omyvanija-styokol/schetki-stekloochistitelja,Главная → Система охлаждения,https://granves-shop.ru/shop/sistema-ohlazhdenija/termostaty,Главная → Топливная система,https://granves-shop.ru/shop/toplivnaja-sistema/shlangi-i-patrubki,Главная → Тормозная система,https://granves-shop.ru/shop/tormoznaja-sistema/trosy-i-shlangi,Главная → Тюнинг внешний,https://granves-shop.ru/shop/tyuning/yubki-i-diffuzory-bampera,Главная → Ходовая,https://granves-shop.ru/shop/hodovaja/sharovaja-opora
Главная,https://granves-shop.ru/shop/shumoizoljacija
"Главная → Автосвет, электрика и звук",https://granves-shop.ru/shop/osveschenie-i-yelektrika/shtatnye-bloki-yelektroniki
Главная → Автохимия,https://granves-shop.ru/shop/avtohimija/uhod-za-shinami-i-hromom
Главная → Аксессуары,https://granves-shop.ru/shop/v-pomosch-avtomobilistu/shildiki-i-nakleiki
Главная → Багажные системы,https://granves-shop.ru/shop/bagazhnye-sistemy/reilingi-na-kryshu
Главная → Багажные системы → Бокс на крышу,https://granves-shop.ru/shop/bagazhnye-sistemy/boks-na-kryshu/tyunavto
Главная → Дополнительное оборудование,https://granves-shop.ru/shop/dopolnitelnoe-oborudovanie/shtorki-okon
Главная → Запчасти и тюнинг двигателя,https://granves-shop.ru/shop/dvigatel/yelektrika
Главная → Инструменты,https://granves-shop.ru/shop/instrumenty/trosy-buksirovochnye-stjazhnye
Главная → Колёса,https://granves-shop.ru/shop/koleso/shtampovannyi-disk
Главная → Кузов,https://granves-shop.ru/shop/kuzov/shtatnye-uplotniteli
Главная → Расходные материалы,https://granves-shop.ru/shop/rashodnye-materialy/filtry-salonnye
Главная → Рулевое управление и трансмиссия,https://granves-shop.ru/shop/rulevoe-upravlenie/shrusy-i-tripoidy
Главная → Салон,https://granves-shop.ru/shop/salon/shtatnye-yelementy-i-oblicovki
Главная → Система омывания стёкол,https://granves-shop.ru/shop/sistema-omyvanija-styokol/schetki-stekloochistitelja
Главная → Система охлаждения,https://granves-shop.ru/shop/sistema-ohlazhdenija/termostaty
Главная → Топливная система,https://granves-shop.ru/shop/toplivnaja-sistema/shlangi-i-patrubki
Главная → Тормозная система,https://granves-shop.ru/shop/tormoznaja-sistema/trosy-i-shlangi
Главная → Тюнинг внешний,https://granves-shop.ru/shop/tyuning/yubki-i-diffuzory-bampera
Главная → Ходовая,https://granves-shop.ru/shop/hodovaja/sharovaja-opora
